Model,FLOPs,Accuracy
No changes,0.02500361,0.8093950152397156
